,label
8616,0
21710,0
7731,0
17214,0
25167,0
15325,1
2641,0
4435,1
22484,0
27967,0
13532,0
26798,0
19808,0
29091,0
29015,0
16248,0
25607,0
3132,0
23172,0
18450,0
22635,1
8119,0
12616,0
5577,0
9589,0
5665,0
20617,0
14412,0
7607,0
29237,0
19917,0
9446,0
2047,0
12323,0
20050,0
27677,0
23368,0
11707,0
24447,0
8144,0
13792,0
23320,0
2156,0
12605,0
1704,0
19564,0
8858,0
15419,0
7213,0
11992,0
12653,0
1592,0
5457,0
20881,0
21426,0
10706,0
14692,0
14151,0
9202,0
5964,0
13920,0
8711,0
24440,0
3738,0
30989,0
9621,0
27512,0
4921,0
30531,0
13449,0
22878,0
6084,0
16483,0
24398,0
5161,0
6631,0
31953,0
4375,0
25207,0
29126,0
10317,0
22709,0
5632,0
19112,0
2524,0
31203,0
3207,0
24510,0
13135,0
29845,0
18322,0
23115,0
20691,0
25448,0
16011,0
3192,0
826,1
10398,0
7945,0
20019,0
27474,0
18100,0
22971,0
12279,0
20378,0
1984,0
25183,0
28913,0
8279,0
172,0
12454,0
21403,0
21055,0
26114,0
23810,0
9945,0
21222,0
7415,1
7759,0
20405,0
21649,1
6320,0
24477,0
20311,0
20063,1
20831,0
13710,0
1779,1
22615,0
25044,0
6135,0
1921,0
15481,0
18806,0
3861,0
7321,0
1415,0
30990,0
26704,1
25754,0
11764,0
15258,0
987,1
9858,0
16830,0
25733,0
27043,0
4438,0
6762,0
23450,1
20520,0
14118,0
23570,0
11008,0
31142,0
21662,0
30556,0
17745,0
22623,0
14903,0
31905,0
19471,0
26230,0
7045,0
3274,0
6996,1
3885,0
18818,1
7742,0
8212,0
9979,0
23360,1
11274,0
19475,0
21929,0
28343,0
6254,0
19466,0
19823,0
25308,0
13403,0
19118,0
14936,0
29019,0
27232,0
19603,0
1131,0
6275,0
20884,0
23920,0
2283,0
10375,0
997,0
9169,0
26720,0
10998,0
4372,0
19911,0
20367,0
5227,0
26232,0
30517,0
513,0
22319,0
11528,0
21871,0
12863,0
27593,1
14880,0
22530,0
27689,0
29572,0
18185,0
13670,0
28542,0
7976,0
26375,0
6340,0
9688,1
30571,0
11068,0
23352,0
6741,1
18638,0
4663,0
398,0
25241,0
8602,0
19199,0
17087,0
23280,0
9192,0
8509,0
3267,0
28588,0
5532,0
30653,0
29688,0
7251,0
27283,0
16909,0
1824,0
27569,0
9334,0
20406,0
22585,0
31165,0
27573,1
5944,0
3601,0
18439,0
16621,1
3582,0
16527,0
16876,1
15991,0
24279,0
5604,0
15972,1
26327,0
9926,0
10958,0
26901,0
15667,0
29854,0
30615,1
6683,0
200,0
15874,0
15161,0
23149,0
31642,0
8080,0
17145,0
5995,0
13400,0
29976,0
8959,0
16238,0
18284,0
19484,0
21689,0
131,1
16092,0
31918,0
19467,0
29512,0
5728,0
25654,0
31845,0
17532,0
28744,0
4287,0
30564,0
418,0
11071,0
21480,0
17128,0
12491,0
26001,0
3407,0
29429,0
2184,0
9236,0
27053,0
7028,0
28573,0
4153,0
13153,0
6563,0
3501,0
17085,0
11518,0
20770,0
25037,0
8378,0
28576,0
6514,0
9406,0
10599,0
2926,1
3390,0
17371,0
1769,0
29779,0
30671,0
30884,0
12465,0
988,0
17862,0
31740,0
22605,0
1229,0
30676,0
725,0
4219,0
11628,0
13594,0
8388,0
16330,0
545,0
21571,0
16727,0
8627,0
5455,0
22558,0
27648,0
21930,0
16594,0
1282,0
13394,0
929,0
27906,0
31043,0
12837,0
13149,0
13264,0
6909,0
9959,1
23911,1
1430,0
824,0
1569,0
26425,0
731,0
3184,0
2360,0
19178,0
18624,0
17730,0
16567,0
20290,0
10565,0
11126,0
22268,0
30732,0
11549,0
5232,0
23502,0
21000,0
17788,0
21958,0
30619,0
10721,0
13056,0
24144,0
17925,0
27044,0
9975,0
21985,0
15814,0
27716,0
25849,0
25032,0
704,0
19743,0
25500,0
17808,0
11209,0
26498,0
29642,0
30191,0
16114,0
14958,0
2448,0
12422,0
2673,0
7026,0
8566,0
26825,0
28714,0
22910,0
14150,0
1879,0
2931,0
17177,0
5557,0
25210,0
7091,0
31704,0
5298,0
22634,0
26492,0
12864,0
149,0
9957,0
18692,0
28444,0
24301,0
31796,0
1241,1
1156,0
14295,0
1486,0
8194,0
26687,0
3291,0
24626,0
31702,0
10007,0
28061,0
502,0
5139,0
5980,0
10936,0
12592,0
29159,0
8134,0
22600,0
23808,0
31858,0
14170,0
7164,0
17778,0
12335,0
30844,0
605,0
27082,0
4105,0
30670,0
29141,0
17505,0
4183,0
28453,0
10574,0
17263,0
14794,0
16251,0
7844,0
29158,0
8970,0
27572,0
4833,0
10259,0
15631,0
24016,0
21141,0
18429,0
18025,0
31327,0
16588,0
28484,0
15339,0
4091,0
18459,0
14431,0
4055,1
7263,0
29471,0
7775,0
9242,0
20780,0
4299,0
8335,0
26991,0
14748,0
14511,0
6030,0
31816,0
19995,0
19720,0
12492,0
9473,0
24065,0
13329,0
5087,0
6038,0
16107,0
7380,0
13235,0
717,0
11187,0
27467,0
2393,0
7247,0
12009,0
27757,1
8000,0
31917,0
30309,0
8814,0
31272,1
19185,0
27981,0
18928,0
2742,0
1701,0
1088,0
26906,0
1110,0
7722,1
1949,1
20822,0
28286,1
9409,0
20439,0
11361,0
18018,0
16981,0
1570,0
1058,0
22123,0
11383,0
8219,0
16055,0
16674,0
152,0
10452,0
24835,0
4918,0
23040,0
19171,0
7700,0
14595,0
30138,0
25295,0
1392,1
20283,1
24492,0
11198,0
29586,0
16006,0
22375,0
15396,0
23047,0
9953,0
11647,0
11665,0
16316,0
6971,0
31686,0
11914,0
5373,0
28048,0
5309,0
19030,0
1121,0
16887,0
7297,0
30135,0
9723,0
22939,0
7286,0
25331,0
11679,0
2264,0
5010,0
10155,0
11422,1
5359,0
18994,0
18664,0
21723,0
71,0
24947,0
21830,0
12453,0
12787,0
16036,0
334,0
23442,0
2672,0
22412,0
10000,0
20161,1
17639,0
16487,0
29153,0
19256,0
31910,0
23744,0
21516,0
19048,0
13744,0
23770,1
14302,0
15797,0
18834,0
2646,0
12080,0
10018,0
4378,0
27517,0
26417,0
19007,0
9078,0
13507,0
13549,0
12229,0
7848,0
9944,0
6974,0
15876,0
2006,0
10158,0
3761,0
8336,0
18058,0
14922,0
22302,0
15610,0
613,0
20560,0
27060,0
31267,0
29416,0
764,0
8703,0
27000,0
14173,0
5690,0
12326,0
5705,0
8655,0
28771,0
20104,0
30866,0
19750,0
16341,0
13558,0
21325,0
973,0
18563,0
16356,1
22125,0
4067,0
21860,0
28281,0
21589,0
5503,0
30568,0
16755,1
1954,0
28741,0
15476,0
18067,0
1225,0
20313,0
8220,0
8776,0
7473,0
7000,0
20771,0
15592,0
14028,0
24861,0
17334,0
9785,1
15135,0
5644,1
20696,0
18566,0
21560,0
12221,0
24334,0
2490,0
20743,0
22167,0
10630,0
30243,0
27493,0
15487,0
13888,0
23441,0
29763,0
9143,0
21378,0
26289,0
24416,0
11032,0
2026,0
17834,0
25082,0
14877,0
29179,0
2614,0
2086,0
20468,0
26648,0
14397,1
19607,0
18547,0
27940,0
9374,0
11711,0
28887,0
26930,0
20467,0
7101,0
15900,0
21132,0
586,0
21746,0
17102,0
22497,0
22107,0
16629,0
24660,0
15421,0
13047,0
4161,0
1963,0
30860,1
2289,0
30803,0
17682,0
20475,0
1709,1
831,1
7018,0
27299,0
14984,0
18903,0
7998,0
22079,0
27076,0
26021,0
9937,0
18021,0
19052,0
11046,0
22487,0
15947,0
4114,0
18884,0
27093,0
1201,0
4965,0
24847,0
15181,0
23596,1
16892,0
21226,0
13288,1
16236,0
26043,0
24024,1
19104,0
25088,0
1479,1
28247,0
20480,0
29899,1
21165,0
25270,0
15914,0
11344,0
10525,0
6374,0
28731,0
16288,0
22871,0
12873,0
12801,0
28974,0
2883,0
28961,0
22824,0
23829,0
6737,0
1364,0
21686,0
461,0
28948,0
11557,0
3381,0
12273,0
15121,0
30873,0
14881,0
10308,0
28134,0
2849,0
31416,0
26312,0
9090,0
27163,0
24767,1
25637,0
10098,0
29479,0
27511,0
17653,0
17526,0
23359,0
6791,0
12590,0
2737,0
15574,0
23555,0
5424,1
26461,0
6949,0
15461,0
25148,0
26564,0
10576,0
25085,0
19758,0
2208,0
10787,0
28658,0
12736,0
2492,0
7626,0
26657,0
21966,0
13195,0
31309,0
9566,1
28645,0
29533,0
17188,0
1388,0
30579,1
1990,0
20342,0
15236,0
231,0
6368,0
26713,0
16444,0
19031,0
22422,0
12426,0
3815,0
5693,0
14908,0
21349,0
10272,0
27018,0
10651,0
28445,0
40,0
10125,0
6718,0
4846,0
11608,0
26882,0
29095,0
14851,0
29100,0
5716,0
2320,0
31082,0
1789,0
9742,0
2141,0
20558,0
11646,0
2882,0
16684,0
7359,0
9677,0
15047,0
28258,0
15695,0
4182,0
20564,0
31624,0
6724,0
23875,0
13141,0
30479,0
5823,1
16902,0
29494,0
24731,0
26821,0
6954,0
10151,0
21928,0
11519,0
16467,1
25273,1
19379,0
18443,0
18518,0
19535,0
15063,0
20602,0
31452,0
2196,0
741,0
3694,0
4031,0
20298,0
29656,0
2613,0
18381,0
7658,0
19856,0
11189,0
2000,0
13718,0
28081,0
28983,0
25642,0
10613,0
11438,1
3603,0
4824,0
10814,0
22328,0
27660,0
11224,0
31186,0
25606,0
7388,0
24044,0
5591,0
56,1
21752,0
16977,0
1341,0
26966,0
16144,0
23347,0
31102,0
24533,0
27825,0
21019,0
8993,1
16255,0
25753,0
24866,0
30738,0
1543,0
27915,0
23932,0
18637,1
30067,0
26156,0
6426,0
11635,0
29051,0
31931,0
11762,0
2142,0
2875,0
11894,0
19249,0
27977,0
25675,0
7065,0
8516,0
12232,0
30286,0
5948,0
7468,0
15261,0
7857,0
18343,0
4697,0
16167,0
24851,0
7245,0
16246,0
5285,0
28777,0
24785,0
2987,0
5011,0
17775,0
10306,1
16955,0
1033,0
16542,0
2558,0
28681,0
10227,0
22606,0
2593,0
11905,0
20603,0
16947,0
23371,0
29641,0
4670,0
10242,0
13947,0
11749,0
3450,0
25868,0
1226,0
26899,0
28801,1
24692,0
30113,0
28601,0
26245,0
20388,0
16573,1
19483,0
31759,0
6898,0
11477,0
7342,0
3066,0
7470,0
4043,0
421,0
3649,0
28654,0
27806,0
1047,1
21076,0
26722,0
7466,0
24122,0
19404,0
22996,0
28098,0
13548,0
227,0
18144,1
21987,0
15219,0
10566,0
27003,1
6012,0
24169,0
25840,0
3963,0
5210,0
19508,0
18542,0
23485,0
127,0
16148,0
31172,0
31122,0
1328,0
1381,0
28994,0
4800,0
17174,1
19328,0
30882,0
8721,0
2756,0
14599,0
30029,0
26314,0
6400,0
20940,0
26260,1
18728,0
31040,1
21612,0
3921,0
25328,0
2922,0
11631,0
18473,0
23931,0
2998,0
5327,0
4706,0
18376,0
15254,0
9044,0
7418,0
7041,0
23427,0
18686,0
23190,0
16935,0
15387,0
2781,0
26932,0
28902,0
29419,0
13966,0
30196,0
3312,0
8794,0
29342,0
19542,0
8617,0
29068,0
24610,0
28296,0
13117,0
21594,0
17754,0
8762,0
8692,0
13121,0
13844,0
20267,0
7104,0
22300,0
11604,1
3319,0
25843,0
8857,1
16127,0
25862,0
3900,0
29687,0
13333,0
26600,0
26539,0
17237,0
17437,0
20401,0
12998,0
2546,0
11757,0
8872,0
29634,0
14341,0
7651,0
1304,0
13686,0
11566,0
772,0
8541,1
13186,0
8626,1
2046,0
909,0
4085,0
29509,0
3620,0
13976,0
18535,0
18868,0
11840,0
12116,0
3725,0
8572,0
12965,0
23488,0
22827,0
11400,0
17910,0
9013,0
11493,0
28147,0
17521,0
30783,0
26602,1
11195,0
27442,0
8065,0
25441,0
1638,0
27861,0
25391,0
27882,0
28330,1
13614,0
24735,0
2092,0
19741,0
14952,0
2966,0
30799,0
9637,0
29880,0
29563,0
38,0
7892,0
28121,0
28475,1
18705,0
10094,0
14746,0
25629,1
3112,0
30385,0
11108,0
25147,0
6519,0
20964,0
20251,0
15589,0
1717,1
31924,0
2025,0
6336,1
6900,0
30274,0
2082,0
30027,0
24467,0
17001,0
13901,0
2879,0
6674,0
14237,0
4020,0
6055,0
1246,0
3324,1
2070,0
20902,0
4648,0
4594,1
13918,0
21986,0
13688,0
11971,0
10932,0
3013,0
15943,0
18846,0
29711,0
15799,0
21334,0
31004,0
29444,0
6962,0
31865,1
30139,0
2713,0
20827,0
5195,0
4441,0
12403,0
21309,0
26441,0
18464,1
16778,0
19424,0
181,0
23428,0
30581,0
12602,0
4327,0
27,0
24749,0
4815,0
7400,0
17449,0
10415,0
12066,0
22373,0
13496,0
858,0
11630,0
24368,0
28688,0
26058,0
24783,0
7966,0
25286,0
16314,0
28736,0
4913,0
20739,0
24619,0
11861,0
19932,0
16517,0
7920,0
24500,0
31513,0
21568,0
14717,0
21368,1
10300,0
6357,0
26851,1
29096,0
11853,0
18613,0
4468,0
30293,1
9650,1
31589,0
30921,1
9081,1
10879,0
16366,0
21041,0
12553,0
10121,0
9061,0
18779,0
8676,0
11494,0
27005,1
18071,0
6526,0
9019,0
690,0
13402,0
28618,0
27365,1
10469,0
11919,0
17568,0
31956,0
8422,0
29105,0
31794,0
26527,0
26450,1
29190,0
11664,0
27994,0
210,1
4479,0
14763,0
30380,0
17273,0
6398,0
28824,0
27346,0
11968,0
2650,0
6491,0
2168,0
13535,0
25001,0
10899,0
26509,0
18714,0
11215,0
16504,0
16675,0
28855,0
17659,0
26759,1
1369,0
16928,0
3251,0
23858,0
10461,0
11265,0
29406,0
5888,1
6826,1
29010,1
8165,0
17942,0
21020,0
18965,0
16789,0
24803,0
7730,0
11038,1
8715,0
18113,0
12379,0
28295,1
14324,0
2647,0
10027,0
24809,0
23155,0
30551,0
15706,0
14915,1
11213,1
2786,0
13090,0
12886,0
21464,0
21852,0
28142,1
29063,0
4956,0
9670,1
3947,0
7808,0
5496,0
3492,0
2973,0
6448,0
8251,0
1901,0
7713,0
14186,0
23888,1
3968,0
13715,0
5646,0
28848,0
31384,0
22359,1
21339,0
11639,0
1296,0
28138,0
4566,0
2954,0
19619,0
12573,0
8241,1
30659,1
12140,0
12176,0
4379,0
16765,0
1232,0
31108,0
899,0
5887,0
23134,0
14709,0
17172,0
1759,0
24612,0
9395,0
549,0
8825,0
31269,0
5034,0
3645,0
13913,0
1611,0
22828,0
11109,0
4412,1
837,0
9336,0
21522,0
26409,0
15182,0
19302,0
11465,0
11079,0
5097,0
4365,0
20599,0
21193,0
2813,0
30811,0
1710,0
29428,0
17101,0
21213,0
17926,1
14820,0
9734,0
7015,0
29062,0
16920,0
14798,0
23060,0
20505,0
29350,0
26853,1
28434,1
17372,0
27304,0
28176,0
1669,1
21271,0
7281,1
23589,0
17135,0
9569,0
1624,0
27235,0
11709,0
20167,0
15034,0
27698,0
11558,0
15733,0
24431,0
2677,0
15061,1
26435,0
21847,0
31445,0
3502,0
2494,0
26885,0
22391,0
6681,0
15197,0
19421,0
24161,0
19222,0
3658,0
9718,0
6688,0
28188,0
8824,0
29521,0
23834,0
30650,0
24726,0
30682,0
13956,0
12320,0
13618,0
15687,0
14335,1
28874,0
19262,0
15945,0
31396,0
7126,0
12556,0
12226,0
13842,0
1983,0
31856,0
10948,0
15350,0
8633,0
27454,0
20848,0
11793,0
7511,1
19764,0
6803,1
7598,0
3589,0
16775,0
16994,0
22225,0
15192,0
13113,0
30715,0
238,0
14171,0
13194,0
27455,0
12580,0
10768,1
21359,0
22333,0
8567,0
19010,0
3073,0
217,0
24435,0
18088,0
15527,0
16183,0
6401,0
14253,0
25495,0
21837,0
22407,0
1552,0
21341,0
31260,0
30105,0
29653,0
10813,0
5760,0
15471,0
11854,1
14207,0
23515,0
9300,0
27606,0
26203,1
10825,0
7118,0
27359,0
25510,0
30949,0
30607,0
28732,0
7836,0
2507,0
31034,0
18047,0
17456,0
20385,0
5106,0
31440,0
8718,0
31027,0
22993,0
22272,1
25171,0
21047,0
28063,0
14195,0
10691,0
25915,0
4241,0
22907,0
27202,0
23513,0
13870,0
17208,1
22440,0
5430,0
7186,0
28431,0
14344,0
24763,0
14522,0
22478,0
11801,1
4778,0
22099,0
16137,0
11063,0
26849,0
17313,0
9897,0
20193,0
8740,0
3317,0
16400,0
8405,0
2881,0
16954,0
9894,1
7009,0
13366,0
20855,0
27794,0
6844,0
29361,0
13373,0
12196,0
3126,0
24843,0
10668,0
9567,0
24914,0
14476,0
29333,0
17577,0
19410,0
21684,0
3313,0
20633,0
20118,0
19893,0
10935,0
29963,0
20819,1
5221,0
25073,0
14152,0
14963,0
20919,0
14714,0
28422,0
27996,0
27624,0
13865,0
11954,0
19520,0
8040,0
22664,0
22392,0
9177,0
24524,0
1324,0
23415,0
31504,0
13335,0
10235,0
30089,0
7323,0
5492,1
5439,1
11429,0
19797,0
13266,0
22685,0
29169,1
17969,0
21728,0
25414,0
21846,0
13630,0
5413,0
10819,0
16368,0
21157,0
3373,0
26838,0
3515,0
26839,0
15036,0
12300,1
16615,0
2477,0
4061,0
22965,0
11158,0
20481,0
4306,0
7847,0
15418,0
25299,0
13599,0
25814,0
24069,0
6041,0
25576,0
27062,0
19700,0
14548,0
20459,0
31325,0
15933,0
21003,0
12983,0
23511,0
499,0
14163,0
11895,0
31302,0
27147,0
14642,0
25841,0
28485,0
15808,0
16304,0
22667,0
25993,0
24528,0
11807,0
2128,0
4785,0
14487,0
31431,0
24883,0
6690,0
29546,0
29825,0
30013,0
535,0
31861,0
19441,0
17860,0
25975,0
13404,0
13155,0
3904,0
12314,0
967,0
6787,0
6773,0
10705,0
25808,0
7129,0
13144,0
21066,0
10455,0
460,0
30528,0
31382,0
28976,0
3890,0
4252,0
9704,0
7814,0
19338,1
10463,0
9223,0
29959,0
16461,0
12220,0
25728,0
702,0
24769,0
4939,0
15735,0
7787,0
19028,1
15187,0
24758,0
12557,0
9126,0
5845,1
19498,0
16532,0
188,0
1992,0
21122,1
26718,0
2467,1
26446,0
4015,0
20969,0
13969,0
14726,0
24620,0
8107,0
29439,0
17970,0
25459,0
13258,0
2625,0
25917,1
28074,0
21531,0
7133,0
19206,0
24951,0
29948,0
7522,0
9920,0
7795,0
7726,0
17690,0
13853,0
8730,0
11426,1
27778,0
30391,0
23102,0
31394,0
5630,0
4699,0
15709,0
19533,0
8086,0
31287,0
16094,0
2062,0
31685,0
21739,0
16465,0
16342,0
23607,0
8662,0
12021,0
17151,0
370,0
24155,0
7422,0
10210,0
1986,0
29606,0
25771,0
2964,0
14089,0
957,0
28182,0
17401,0
15802,0
12791,0
7923,0
26535,0
6057,0
8788,0
1753,0
1079,1
14719,0
4367,0
5527,1
17179,0
30311,0
9596,0
23002,0
16735,1
6915,0
12578,0
24640,0
14651,0
20191,0
24821,0
11575,0
9927,0
3941,0
15827,0
5469,0
906,0
16057,0
31456,0
30731,1
6673,0
673,0
27432,0
28561,1
2540,0
9774,0
24106,0
192,1
31868,0
18966,0
207,0
7957,0
13989,1
30007,0
1517,0
3123,1
9016,0
8196,0
10807,0
13719,0
23654,0
30342,0
20347,0
31490,0
27106,0
10258,0
24143,0
31495,0
2772,0
9873,1
14876,0
12065,0
31615,0
201,0
23981,0
20825,0
24390,0
26286,0
24789,0
24446,0
1006,1
4485,0
15794,0
18134,0
10526,0
16391,0
4577,0
14824,0
15486,0
26139,0
3162,0
22290,0
7329,0
13119,0
7220,0
15669,0
5659,0
13550,0
19117,0
7734,0
16813,0
9039,0
7632,0
18252,0
8642,0
3913,0
6318,0
1274,1
9629,0
15907,0
21726,1
2481,0
10581,0
5951,0
22245,0
11504,0
354,1
9154,0
25559,1
24011,0
27899,0
3023,0
8334,0
10028,0
13040,0
15188,0
31650,0
28307,0
17642,0
16557,0
26812,0
15958,0
11143,0
4111,0
27198,0
5700,0
25683,0
28929,0
19070,0
16317,0
24979,0
29694,0
2355,0
5217,0
3227,0
29860,0
8793,0
28600,0
9684,0
29716,0
30601,0
12450,0
23078,0
16949,0
22531,0
19370,0
29530,0
28236,0
20149,0
18418,0
4049,0
26528,0
19330,0
27024,0
8160,0
1715,0
6732,0
7257,0
28627,0
463,0
6578,0
257,0
29401,0
4892,0
14087,0
3367,0
25058,0
5578,0
26004,0
30655,0
12799,0
18469,0
16275,0
24560,0
5409,0
8739,0
3530,0
27901,0
6247,0
29863,0
4909,0
10245,0
12607,0
19247,0
27167,0
28369,0
22191,0
18937,0
15398,0
239,0
14914,0
11299,0
10021,1
5940,0
28109,0
22156,0
16841,0
18152,0
30463,0
19701,0
26850,0
29652,0
15604,0
23535,0
26841,0
25597,0
19575,0
9759,0
144,0
12039,0
19282,0
10938,1
5820,0
30778,0
31502,0
24581,0
17632,0
23248,0
17791,0
17677,0
13443,0
13757,0
1948,0
24176,1
16427,0
27182,0
31173,0
13624,1
6203,0
14990,0
11551,0
30362,0
24185,1
18831,0
30386,0
12751,0
11234,0
17530,0
873,0
2157,1
4407,0
2506,0
17598,0
5142,0
30329,0
12706,0
9316,0
7231,0
2444,0
18513,0
12645,0
19375,0
4123,0
14689,0
10529,0
27368,0
9355,0
11945,0
11144,0
22454,0
26226,0
5200,1
6140,0
5032,0
21677,0
30817,0
22984,0
16186,0
15252,0
8906,0
707,0
5717,0
9509,0
10614,0
2623,0
30775,0
26280,0
8038,0
29893,0
12133,1
18920,0
18309,0
15956,0
2193,0
9573,0
1155,1
28784,0
17703,0
7475,0
24595,0
14141,0
18652,0
10177,0
13590,0
23259,0
11492,0
22481,1
17733,0
20539,0
10623,0
31485,0
23933,0
29391,0
6117,0
4037,0
20627,0
28104,0
22732,0
979,1
14683,0
4794,0
9956,0
17999,0
26947,0
23122,0
9609,0
19478,0
23824,0
28256,0
19927,0
5982,0
28683,0
6469,0
1657,0
10277,0
24347,1
25709,0
23385,0
25652,0
23447,0
20453,0
15597,0
11603,0
15323,0
16811,0
24285,0
19008,0
30357,0
14071,0
13649,1
27088,0
6629,0
20517,0
9699,0
8827,0
22477,0
4073,0
1923,0
4988,0
29549,0
22247,0
11170,0
9899,0
9150,0
29155,0
18405,0
17871,0
11314,0
14347,0
24815,0
10409,0
23609,0
20080,0
22838,0
23860,0
17801,0
30242,1
25625,0
26928,0
16131,0
16753,0
27857,0
30969,0
6714,0
9795,0
10495,0
16681,0
18142,0
3773,0
19582,0
5085,0
6263,0
449,0
30525,0
2030,0
17499,0
3708,0
677,0
27662,0
10755,1
26346,0
2796,1
31814,0
17140,0
23586,0
10069,0
5882,0
17162,0
5721,0
2859,0
29808,0
23800,0
5435,0
20981,0
5120,0
10770,0
8292,0
4747,0
27014,0
21979,0
29536,0
27852,0
26526,0
11205,0
19021,0
3172,0
20731,0
19176,0
13638,0
21050,0
24058,0
5983,0
11690,0
21835,0
31268,0
27064,0
1904,0
24343,0
6524,0
6502,0
21457,0
30848,0
4609,0
25415,0
24243,0
31088,0
1404,0
16757,0
14064,1
13226,0
29206,0
21675,0
12075,0
28839,0
21311,0
12049,0
7906,0
4865,0
7275,0
21091,0
1607,0
29774,0
11873,0
15513,0
3986,0
17224,0
6922,0
145,0
25700,0
19040,0
762,0
20285,0
3551,0
21873,0
25812,1
21411,0
2311,0
29337,0
28815,0
25775,0
9465,0
12612,0
26555,0
10671,0
17897,0
399,0
21989,0
28907,1
21697,0
26615,0
21092,0
25983,0
19791,0
2762,0
21672,0
28398,0
24391,0
9980,0
3290,0
15748,0
31823,0
15173,0
8433,0
8329,0
31901,0
10850,0
26533,0
27883,0
6422,0
3038,0
29676,0
10584,0
12806,0
12026,0
7078,0
558,1
715,0
976,0
23322,1
9561,0
28408,0
30083,0
23110,0
25920,0
31463,0
5729,0
19664,0
15352,0
6100,0
11476,0
17612,0
22611,0
15661,0
9348,0
2815,0
6225,0
29538,0
24206,0
29673,0
13701,0
20660,0
8966,0
15217,0
31632,0
17044,0
9042,0
8139,0
17360,0
12143,0
9924,0
15238,0
17223,0
451,0
12173,0
15166,0
9962,0
10129,0
4393,0
29888,0
23577,0
26610,0
29377,0
11378,0
8796,1
13625,0
8955,0
18932,0
31053,0
14920,1
15483,0
4164,0
7037,0
17337,0
24916,0
20604,0
21279,0
27261,0
163,0
20179,0
23131,0
23980,0
1504,1
25563,0
10376,0
27241,0
23166,0
27105,0
9985,0
23225,0
4415,0
20142,0
4449,0
3314,0
23479,0
19209,0
31270,0
17935,0
15831,0
14280,0
11619,0
24461,0
20448,0
23313,0
19771,0
16985,0
22179,0
420,0
15628,0
2383,0
8423,0
13439,0
10355,0
29830,0
7327,0
3394,0
31230,0
15365,0
24816,0
31528,0
27541,1
2928,0
2257,0
21209,0
28823,0
9756,0
1716,0
29440,0
21012,0
5880,0
3481,0
15965,0
3827,0
23769,0
19817,0
1207,1
3143,0
14348,0
29550,0
2271,0
23411,0
21890,0
14698,0
28986,0
25926,0
9635,0
1120,0
3209,0
19746,0
2122,0
23701,0
23180,0
16219,0
10026,1
21233,0
12694,1
30356,0
8380,0
22101,0
9416,1
26493,0
6864,0
7264,0
9168,0
4368,0
1691,0
29041,0
24496,0
23747,0
13766,0
25425,0
8763,0
26366,0
23321,0
26347,0
6994,0
25201,0
5448,0
10468,0
2978,0
28964,0
19245,0
20037,0
7656,0
24943,0
26302,0
11987,0
25940,1
26055,0
31815,0
27633,0
1744,0
5688,0
22282,0
4513,0
21769,1
12470,1
3803,0
22890,0
6939,0
13401,0
4715,0
866,0
31525,0
2222,0
8470,0
8831,0
12638,0
28970,0
140,0
24123,1
4423,0
21214,0
8514,0
25034,0
703,0
27481,0
4356,0
17958,0
29740,0
24375,0
28687,1
28637,0
13491,0
25788,0
20040,0
17184,0
17303,0
24124,0
14887,0
21578,0
14648,0
12307,0
21547,0
30132,0
952,0
19169,0
30106,0
7785,1
23341,0
1253,0
19809,0
1469,0
13998,0
25138,0
491,0
19197,1
16921,0
27982,0
8610,0
19317,0
12861,0
25184,0
4957,0
16707,0
5572,0
9422,0
21247,0
9611,0
5914,0
2436,0
8074,1
18601,0
19313,1
22,0
3707,0
6877,0
31211,0
13018,0
10730,0
15221,0
11306,0
7557,0
23751,0
2380,0
28354,0
30467,0
7376,0
10781,0
8280,0
24889,0
24579,0
17578,0
10287,0
23016,0
2809,0
28757,0
17078,0
5083,0
28879,0
29017,0
12494,0
21350,1
17972,0
26169,0
8893,0
20217,0
13344,0
1503,0
13158,0
7866,0
23098,1
20412,1
13756,1
10561,0
28078,0
1549,0
3307,1
27814,0
11065,0
30887,0
8486,0
28612,0
27687,0
20650,0
20994,0
25695,0
6387,0
23161,0
30549,0
24980,0
5451,0
7234,0
501,0
31137,0
27945,0
11073,0
30179,0
14691,0
22274,0
8691,0
7604,0
28690,0
10939,0
3939,0
24177,0
5683,0
31395,0
10791,0
15773,0
6402,1
17717,0
1375,0
29404,0
27751,0
8812,0
26884,0
9801,0
9559,0
9755,1
16208,0
19204,0
5172,0
4550,0
3632,0
5656,0
3037,0
30590,0
11082,0
7986,0
21939,0
27239,0
24556,0
29176,0
15294,0
17398,0
25176,0
27056,0
22509,0
12770,0
26760,0
3222,0
15480,0
17823,1
14564,0
9082,0
1106,0
29316,0
24909,0
31424,0
25336,0
21027,0
9107,0
31296,0
29723,0
18118,0
20243,0
18467,0
12150,0
12927,0
12012,0
786,0
28998,0
29835,0
25262,0
25468,0
11201,0
14260,0
2919,0
13802,0
19287,0
9659,0
15823,0
10192,0
24912,0
21077,0
28119,0
248,0
9834,0
9114,0
8218,0
5792,0
19334,1
29973,0
20851,0
22691,0
3378,0
24162,0
16972,1
15289,0
12327,0
27930,0
25568,0
9606,0
13022,1
29244,0
7949,0
16032,0
14363,0
31496,0
3690,0
7154,0
29527,0
16583,0
26296,0
14465,0
12292,0
29033,0
15048,0
30394,0
25318,0
779,0
2581,0
17574,0
17169,0
4946,0
28233,0
10006,1
7027,0
4075,0
31386,0
11932,0
7694,0
20670,0
13303,0
21927,0
22652,0
29691,0
31090,0
26502,0
11164,0
953,0
22681,0
8643,0
16851,0
2278,0
25972,0
5396,0
100,0
17394,0
17752,0
3157,0
11182,0
18996,0
3309,0
19196,0
19984,0
26655,0
17537,0
11155,0
17182,0
13213,0
2627,0
18280,0
4162,0
13552,0
31243,0
14417,0
31947,1
26810,0
26897,0
2576,0
20706,0
27095,0
19789,0
119,0
21914,0
20765,0
1540,0
6095,0
28719,0
6458,0
7112,0
8105,1
13737,0
15962,0
16499,0
29764,0
29940,0
25020,0
19569,0
30813,0
18103,0
30284,0
25191,0
3924,0
4348,0
13543,0
13617,0
4243,0
7233,0
245,0
10390,0
21171,0
13776,0
13932,0
30861,0
4504,0
21044,0
7214,0
6090,0
27607,0
13272,0
26800,0
5171,1
9285,0
7778,0
1575,0
22772,0
27503,0
10274,0
8331,0
5679,0
15804,0
24745,0
5225,0
4087,0
1833,0
6921,0
24378,0
3728,0
25638,1
25947,0
30055,0
1843,0
7119,0
10506,0
30766,0
19680,0
380,0
4221,0
1509,0
23694,0
20676,0
995,0
7708,0
4156,0
29617,0
16197,0
9284,0
16950,0
11645,0
28380,0
29297,0
17093,0
25816,0
12304,0
25463,0
31128,0
3239,0
10472,0
24107,0
5784,1
16176,0
21976,0
27831,0
2037,0
9110,0
14356,0
3106,0
16831,0
13290,0
16440,0
8355,0
27300,0
2649,0
2753,0
14938,0
8043,0
1411,1
15768,1
3155,0
6060,0
15747,0
18017,0
4104,0
29591,0
14116,0
5446,0
2880,0
24208,0
31300,0
22027,0
1899,0
23438,0
19914,0
12265,0
25521,1
14931,0
7599,0
26078,0
17967,0
23735,0
25151,0
18939,0
17940,0
24081,0
4953,0
4904,0
12849,0
26786,0
12951,0
28805,0
29315,0
16728,0
20714,0
6873,0
9304,0
28904,0
13864,0
6966,0
23300,0
20151,0
2580,1
30110,0
17800,0
28044,0
10442,0
22624,0
23128,0
18516,0
13736,0
13325,0
19973,0
24449,1
27892,0
20750,0
17954,0
19581,0
5329,0
23031,0
29589,0
18592,0
8543,0
8274,0
24258,0
26815,0
23969,0
6209,0
13691,0
21546,0
22336,0
23165,0
22069,0
14143,0
15316,0
11341,1
8939,0
18211,0
23456,0
25630,0
8869,0
14892,0
18562,0
27876,0
4247,0
16549,0
12319,0
12181,0
18447,0
19666,0
25371,0
17433,0
24458,1
30936,0
4579,0
17847,0
5871,0
28152,1
10537,0
26029,0
1211,0
13030,0
3359,0
12969,0
31193,0
21639,0
28203,0
5807,0
23460,0
14829,0
27388,0
22745,0
15525,1
26984,0
14924,0
14948,0
22930,0
7574,0
19129,0
29046,0
5837,0
29102,1
10182,0
8694,0
23275,0
27830,0
18976,0
25465,0
13064,0
1906,0
640,0
19688,0
3760,0
15143,0
18489,0
21145,0
18248,0
10822,0
12703,0
11848,0
22913,0
6081,0
15124,0
20038,0
10564,0
16895,0
6338,0
25135,0
26101,0
16318,0
12149,1
21853,0
31350,0
28026,0
8097,0
11924,0
17278,0
1512,0
3751,0
28729,0
23550,0
13727,0
8500,0
14478,0
19784,0
20332,0
21294,1
24867,0
1766,0
3145,0
12006,0
24338,0
30584,0
30519,0
26542,0
2329,0
12128,0
117,0
5348,0
21498,0
15925,0
16866,0
9369,0
27430,0
24053,0
1747,0
21539,0
30335,0
13678,0
7306,0
20648,0
3719,0
390,0
24965,0
17070,0
19009,0
8328,0
20329,0
4096,0
26667,0
23258,0
3284,0
20813,1
16686,0
21382,0
11531,0
1347,0
12505,0
14568,0
7414,0
14215,0
15639,0
24828,0
21100,0
28312,0
20422,0
12019,0
26095,0
29405,0
7225,0
7246,0
29016,0
25048,0
5875,0
8209,0
13019,0
9680,0
8969,0
25872,0
1022,0
11622,0
30288,0
10660,0
7169,0
10023,0
1844,0
4698,1
28339,0
990,0
22762,0
12658,0
23682,0
5724,0
6590,0
16278,0
10323,0
26159,0
24043,0
6937,0
18853,0
18160,0
10916,0
29119,0
15580,0
29891,0
17195,0
4711,0
28713,0
5811,0
26837,0
25280,0
26796,0
7175,0
2710,0
11165,0
18430,0
29727,0
14008,1
3113,0
14426,0
22360,0
4738,0
11230,0
21624,1
17382,0
27267,0
29185,0
3102,0
29770,0
1807,0
4152,0
27810,0
3417,1
6555,0
121,0
6040,0
27125,0
26638,0
29625,1
7973,0
3754,0
4136,0
5466,0
13841,0
30378,0
16139,0
19235,0
16825,1
29383,0
20129,0
27601,0
19708,0
31727,0
30656,0
16931,1
17554,0
12277,0
24303,0
12032,0
2386,0
14205,0
30504,0
3189,0
16294,0
546,0
25330,0
6851,0
2285,0
13772,0
17811,0
336,0
31902,0
1598,0
21828,0
7582,0
29532,0
26871,0
3178,0
235,0
710,0
14114,0
6838,0
31279,0
23590,0
524,0
5928,0
2715,1
486,1
12852,0
12628,1
6980,0
29798,0
13812,0
5073,0
6983,0
16782,1
12227,0
3650,0
13748,0
2033,0
687,0
15437,0
11790,0
12106,0
4535,0
24558,0
1061,0
9575,0
24311,0
5379,0
6072,0
10456,0
30016,0
15431,0
22052,0
20631,0
1976,0
24339,0
16096,0
27320,0
20853,0
24464,0
27407,0
27085,0
6486,1
17152,0
26767,0
10709,0
6731,0
29692,0
12541,0
22826,1
18657,0
29388,0
11102,0
23007,0
21772,0
28508,1
11247,0
15089,1
403,0
2831,0
17777,0
21287,0
27397,0
25216,0
31681,0
24509,0
21116,0
19217,0
25455,0
23595,0
13605,0
26298,0
13174,0
16777,0
8075,1
15077,0
28555,0
18607,0
5175,0
8017,0
22591,0
1881,0
18702,0
10965,0
31893,0
20641,0
1867,0
23043,0
1057,0
24445,0
24257,0
1945,1
17415,1
18934,0
9404,0
7833,0
27473,0
30897,0
3849,0
28995,0
5903,1
26451,0
11323,0
10344,0
29513,0
17332,0
10408,0
28991,0
5895,0
19745,1
1876,0
18173,0
7168,0
4808,0
25458,0
7461,0
8432,0
16154,0
363,0
16569,0
13796,0
22645,0
24857,1
19656,0
3305,0
1854,0
17698,0
16861,0
19119,0
16268,1
4472,0
10425,0
29858,0
5969,0
25182,0
9702,0
1661,0
8317,0
17035,0
11663,0
13080,1
17479,0
18291,0
20197,0
17644,0
4052,0
11874,0
1724,0
22646,0
24608,1
12488,0
21621,1
14136,0
9539,0
7445,0
30393,0
31321,0
24601,0
6371,0
27966,0
4349,0
1964,0
19757,0
9533,1
2260,0
30239,0
31058,0
29364,0
14031,0
17242,0
25160,0
20880,0
28977,0
12989,0
1363,0
25292,0
30502,0
20355,0
17327,0
2261,0
30162,0
7500,0
1285,0
684,0
22725,0
24902,1
24618,0
7675,0
16884,0
24505,0
26465,0
26351,0
31516,0
11572,0
10975,0
15177,0
13804,0
20951,0
6544,0
23813,0
11226,0
25324,0
27317,0
3886,0
26002,0
17098,0
5368,0
11748,0
12757,0
18722,0
19297,0
7712,0
30401,0
13681,1
15345,0
17377,0
14978,0
5906,0
14896,0
1722,0
17611,0
18548,0
19794,0
29136,1
15707,0
2653,1
22115,0
14269,0
31464,0
5250,0
23486,1
31731,0
7216,0
5256,0
27052,0
31098,0
19815,0
12272,0
13478,0
24986,0
12014,0
26075,0
12704,1
13499,0
4254,0
19493,0
17803,0
27225,1
13889,0
25380,0
25329,0
25426,0
28349,0
17909,0
17418,0
7205,0
308,0
27212,1
11181,0
16709,0
15624,1
11627,0
18353,0
29871,0
14710,0
20402,0
2372,0
8069,0
4242,0
10993,0
31478,0
29713,0
26988,0
27617,0
28027,0
3466,0
22344,0
21030,0
3982,0
15413,0
20515,0
26321,0
4401,0
819,0
3732,0
25516,0
21899,0
28971,1
14047,0
27046,0
27711,0
16691,0
26904,0
24369,0
21834,0
29369,0
11466,0
30961,0
10816,0
3088,0
22721,0
23386,0
11672,0
16331,0
2822,0
2953,0
28574,0
22879,0
631,0
17802,0
12603,0
2291,0
24037,0
19723,0
12856,0
20586,0
31135,0
18217,0
1478,0
18486,0
27379,0
14502,0
21410,0
16290,0
1374,1
16088,0
25439,0
5355,0
27141,0
27169,0
10187,1
5636,0
16834,0
31850,0
31037,0
21674,0
7994,0
18106,0
20684,0
6754,0
27722,1
22831,0
8999,0
8835,0
13506,0
6074,1
18279,0
24171,0
29562,0
16413,0
19659,0
2938,0
30144,0
10460,0
7032,0
12071,0
28715,0
18420,0
26888,0
24813,0
29715,0
452,0
26278,0
21196,0
31822,0
30315,0
8369,0
4209,0
20431,0
19903,0
9698,0
17262,0
5265,0
4135,0
28166,0
22277,0
18595,0
2656,0
5835,0
18982,0
20476,0
11951,0
24317,0
14837,0
10127,0
31645,0
16939,0
17748,0
2766,0
22460,0
29705,0
15084,0
27551,0
16014,0
30408,0
24829,0
24018,0
23859,0
17481,0
7744,0
18275,0
3516,0
30675,0
759,0
3271,0
17225,0
20907,0
6667,0
25454,0
29516,0
19966,1
3611,0
10633,0
19792,0
21678,0
22690,0
9976,1
9871,0
23255,0
1845,0
10980,0
29904,0
6930,0
27129,0
5909,0
4804,0
11923,0
17032,0
19980,0
29925,0
18848,0
29884,0
14072,0
5815,0
9155,0
17687,0
2689,0
17789,0
20423,1
17704,0
17436,0
5138,0
23437,0
31666,0
6185,0
20466,0
13162,0
22368,0
2793,0
6827,0
23194,0
20657,0
19138,0
12802,0
30942,0
24443,1
11998,0
5279,0
21975,0
27039,0
1628,0
9579,0
13193,0
22453,0
25529,0
23760,0
10237,0
23262,0
14290,1
5109,0
22812,0
10996,0
16496,0
1333,0
17556,0
16174,0
30941,0
4574,1
12656,0
26659,0
25801,0
22719,1
18587,0
14728,0
6349,0
5579,0
12624,0
19527,0
9781,0
1810,0
24506,0
13498,0
17194,0
13380,0
3297,0
6613,1
22351,1
2916,0
17727,0
14450,0
21447,0
31757,1
29061,0
22989,1
13126,0
21215,0
11017,0
26152,0
5624,0
13559,0
11095,0
553,0
11376,0
6207,1
29655,0
26504,0
9401,1
6973,0
22541,0
30294,0
24360,0
24995,0
162,0
10453,0
23982,0
3497,0
20119,0
16688,0
16996,0
11025,0
30443,0
7893,0
26022,0
23608,0
23941,0
6720,0
12674,0
18707,0
25910,0
8127,0
25213,0
18573,0
12816,0
17593,0
21609,0
6818,0
6855,0
1021,0
16132,0
25497,0
26647,0
25117,0
14362,0
27519,0
3498,0
968,0
3116,0
15685,0
10681,0
30276,0
55,0
24070,0
26929,0
20213,0
31723,0
25023,0
14702,0
116,0
29569,0
7061,0
14780,0
7166,0
29881,0
29684,0
12174,0
6495,0
7982,0
7337,0
10030,0
26790,0
20169,0
25287,0
23389,0
18633,0
4129,1
28223,0
1089,0
15952,0
29099,0
31423,0
18421,0
15086,0
14073,0
10243,0
18262,0
24836,0
30117,0
14321,0
24112,0
29003,1
18129,0
24316,0
14129,0
5637,1
18481,0
22884,0
6621,0
21992,0
16497,0
9232,0
20562,0
18736,0
27836,0
16873,0
4310,0
21843,0
18404,0
18872,0
6766,0
21419,0
13978,0
2431,0
21688,0
6546,0
6147,0
18261,0
10358,0
23610,0
1118,0
5696,0
11983,0
30925,0
24659,0
6431,0
4883,0
21569,0
2176,0
26020,0
12500,0
3806,1
29599,1
16437,0
13926,0
958,0
25319,1
5511,0
19351,0
9722,0
3846,0
16773,0
467,0
20950,0
31626,0
14637,0
16647,0
23987,0
3906,0
6021,1
21566,0
19230,0
14861,0
13313,0
9248,0
13099,0
19503,0
9860,0
3032,0
16321,0
22544,0
28775,0
21733,0
2076,0
7953,0
25835,0
28860,0
14126,0
26594,0
17329,0
25496,1
28640,0
16805,0
22823,0
2232,0
31001,0
5955,0
13425,1
26070,0
840,0
22382,1
317,0
19457,1
19383,0
19654,0
27280,0
20319,0
20849,0
4216,0
10039,0
5484,0
24083,0
3035,0
19106,0
31446,0
28003,0
26755,0
323,0
19832,1
31773,0
25428,0
1312,0
18752,0
2486,0
5787,0
13919,0
18921,0
24907,0
22870,0
1719,0
3538,0
15097,0
16644,0
3801,0
2096,0
3912,0
204,0
5711,0
22918,1
26288,0
4036,0
2120,0
6451,0
1020,0
22140,1
21575,0
7139,0
7603,0
23896,0
21629,0
30851,0
8774,0
8495,0
21699,1
11387,0
13654,0
7120,0
27748,0
12146,0
20079,0
30915,0
917,0
24328,0
10724,0
17919,0
15521,0
28235,0
3512,0
5917,0
16601,0
16044,0
10955,0
24555,0
28175,0
14705,0
1302,0
19137,0
20759,0
31871,0
6541,0
24984,0
42,0
18345,0
25043,0
26024,0
20656,0
27131,0
259,0
4685,0
1467,0
30331,0
22627,0
11286,0
29707,0
30524,0
16716,0
18599,0
2071,0
28918,0
17440,0
9721,0
2577,0
30238,0
25238,0
14907,0
8961,0
27418,0
10111,0
10670,0
26536,0
21693,0
20478,0
25526,0
5178,0
10615,0
3644,0
19293,0
29258,0
27099,0
27090,0
8609,0
15829,0
31015,0
7684,0
22935,0
31790,0
18484,0
14053,0
8565,0
17821,0
12948,0
25658,0
22025,0
19554,0
28413,0
28389,0
29552,0
6698,0
13455,0
16042,0
25888,0
2968,1
2554,0
6763,0
13892,0
25519,0
14292,0
1673,0
31594,1
27527,0
30249,1
612,0
20639,0
1042,0
6361,0
4856,0
7092,0
12506,0
30474,0
3146,1
27643,0
23600,0
23575,0
12053,1
3713,0
9182,0
1523,0
26148,0
30521,0
28072,0
10803,0
25583,0
26019,0
10639,1
22320,1
19900,0
12121,0
18503,0
6799,0
20538,0
20039,0
20072,0
6790,0
14743,0
10084,0
16646,0
6561,0
22485,0
21356,0
25727,0
22557,1
27787,0
18984,0
18604,0
29992,0
10381,0
5296,0
31379,0
2412,0
27884,0
16404,0
4967,0
15894,0
19373,0
27621,0
31486,0
29701,0
9634,0
10230,0
10702,0
25756,0
21808,0
28093,0
24514,0
26214,0
19781,0
24189,0
9384,0
26890,0
2377,0
4303,1
15039,0
5933,0
22651,0
3080,1
28358,0
12346,0
4882,0
27767,0
3405,0
7897,0
19863,0
1080,0
11539,0
23422,0
23026,0
23365,0
8736,0
7075,0
6634,1
16339,0
28819,0
28163,0
14481,0
31494,0
5697,0
1909,0
23459,1
17281,0
23404,0
23028,0
4512,1
27237,0
27277,0
20578,0
17624,0
16115,0
5179,0
26485,0
3154,0
21484,0
1708,0
21118,0
236,0
9015,0
8645,0
25797,0
3144,0
14842,0
25026,0
27709,0
11565,0
15176,0
17688,0
25660,0
27738,0
18895,0
27674,0
9415,0
24085,0
17741,0
26031,0
20086,0
17528,0
25384,1
1893,0
8503,0
20516,0
5293,0
24792,1
8696,0
29400,0
29782,0
8914,0
17993,0
25281,0
9523,0
8894,0
8684,0
18710,0
19807,1
20721,0
16979,0
6375,0
18141,0
25737,0
21056,0
544,1
11752,0
23784,0
18319,0
18299,0
26828,0
31151,0
9032,0
31792,0
4855,1
10462,1
31169,0
11125,0
13007,0
11656,0
10497,0
8553,0
9122,0
12234,0
25962,0
7184,0
22533,0
4458,0
29698,0
21244,0
9383,0
14149,0
23400,0
30166,0
3776,0
31881,0
21839,0
23185,0
23292,0
16158,0
26009,0
12720,0
7144,0
5877,0
29645,0
17692,0
11487,0
9675,0
11908,0
13616,0
10952,0
19486,0
18016,0
2920,0
6067,1
23170,0
28004,0
8435,0
30952,0
11730,0
11668,0
30492,0
22181,0
30976,0
27020,0
30447,0
11720,0
9366,0
18837,1
22048,0
15736,0
28680,0
8508,0
30714,0
11578,0
5803,0
8562,0
24355,0
15168,0
19384,0
5009,0
884,0
29151,0
20720,0
4693,0
12959,0
17721,0
21061,0
20260,0
12611,1
31772,1
9961,0
13437,0
663,0
22227,0
14749,0
17686,0
31476,0
20783,0
19749,0
27385,0
1662,0
22704,0
3118,0
18810,0
19629,0
24272,0
29946,0
26561,0
12048,0
10377,0
22018,0
11523,0
24654,0
24353,0
10658,0
903,0
31129,0
58,0
9244,0
16303,0
3240,0
7188,0
16108,0
31322,0
12524,0
20399,0
27708,0
28496,0
29303,0
6379,1
13308,0
20523,0
19069,0
19876,0
11581,0
6002,0
7944,0
3052,0
8035,0
25594,0
17091,0
4728,0
23870,0
4463,0
13100,0
5194,0
719,0
543,0
388,0
28592,0
31428,0
2396,0
3536,0
4744,0
8845,0
3826,0
28370,0
2733,0
12726,0
29780,0
6487,0
16816,0
3526,0
1958,0
5184,0
22134,0
20629,0
5971,1
29628,0
15888,0
17908,0
25845,0
1208,0
25095,0
17126,0
783,0
8962,1
17408,1
8479,0
13784,0
12168,0
3333,0
24244,0
6010,0
22077,0
14937,0
4969,0
5502,0
6830,0
2663,0
1391,0
484,0
16343,0
8359,0
18954,1
25586,0
26316,0
4464,0
12147,0
22923,0
5375,0
28635,0
12005,0
5121,0
26961,0
2028,0
30419,0
5781,0
7351,0
20004,0
15981,0
5012,0
8832,0
15547,0
19331,0
8648,0
28364,0
25619,0
28324,0
14075,0
10458,0
14998,0
20101,0
7539,0
28632,0
12769,0
16697,0
6319,0
6252,0
15858,0
4013,0
13583,0
5663,0
20832,0
12483,0
13493,0
6389,1
25912,0
15383,0
19671,0
29480,0
28302,0
2885,0
11461,0
20184,0
19110,0
28170,0
23472,0
20485,0
27505,1
15334,0
14584,0
10385,0
18162,0
17753,0
9617,0
26874,1
5701,0
14043,0
20536,0
12963,0
6250,0
3786,0
9719,0
13067,1
7482,0
19601,0
1175,0
19783,0
18094,0
13316,0
31573,0
13739,1
4968,0
7804,0
8453,0
31748,0
25925,0
7,0
15571,0
31613,0
5682,1
17168,0
29128,0
8235,0
20837,0
20852,0
7236,0
27529,0
25407,0
29957,0
29445,0
16459,0
25134,0
13218,0
12696,0
3060,0
4051,0
8483,0
21138,0
562,0
22515,0
25387,0
16960,0
9794,0
15346,0
16787,0
12677,0
21545,0
17826,0
23919,0
7733,0
17965,0
8688,0
31899,1
216,0
23005,0
7536,0
29008,0
19631,0
12458,0
18847,0
13774,0
31453,0
29253,0
7510,0
13723,0
22964,0
29699,0
12070,0
3491,1
20655,0
10978,0
19060,0
4491,0
25446,0
20563,0
25749,0
11697,1
22408,1
1052,0
898,0
16745,0
26178,0
4895,0
30209,0
12631,0
607,0
24184,0
12564,0
11884,1
16334,0
29146,0
21563,0
10712,0
29712,0
26279,0
28845,0
1770,0
16460,0
14154,0
28673,0
9189,0
23750,1
29055,0
7868,0
6354,0
8111,0
26861,0
12646,0
24460,0
18794,0
442,0
7268,0
19259,0
16151,1
16053,0
12934,0
9963,0
2316,0
12521,0
29398,1
23293,0
18120,0
20529,0
12889,0
8307,0
18136,0
15098,0
9632,0
7560,0
18825,0
4838,0
7336,0
9098,0
9683,0
24697,0
18350,0
12847,0
28577,0
24794,1
27626,0
10335,0
22598,0
2293,1
23648,0
4612,1
24931,0
7195,0
7877,0
28136,0
19805,0
12994,0
851,0
9758,0
14953,0
20271,0
28882,0
15832,0
20250,0
2112,0
28306,0
29672,0
15286,0
24987,0
3268,0
23644,1
28432,0
28381,0
10142,0
13529,0
27049,0
11851,0
404,0
3571,0
4881,0
1014,0
16992,0
8007,0
27214,0
11795,0
1563,0
21706,0
19490,1
30350,1
6200,0
21248,0
6217,1
13530,0
16201,0
14117,0
8802,0
21806,0
10631,0
17756,0
5148,0
61,0
12917,1
20900,0
3366,0
11641,1
15103,0
27580,0
6015,1
6156,0
24954,0
1947,0
14854,0
17441,0
9319,0
8954,1
19221,0
5749,0
18971,0
31806,1
15076,0
18553,0
27585,0
30559,0
177,0
18880,0
9903,0
8106,0
23799,0
21388,1
27440,0
8368,0
27372,0
19091,0
23705,0
20984,0
14263,0
24213,0
29067,0
20010,0
17232,0
16035,0
2251,0
10222,0
16484,0
19211,0
28427,0
26563,0
20178,0
11480,0
14184,0
3625,0
22596,0
5317,0
3238,0
31880,0
28220,0
17129,0
6806,0
24063,0
17613,0
23857,0
10310,0
25349,0
10093,0
25612,0
6190,0
27550,1
14611,0
17196,0
2637,0
18321,0
13098,0
24424,0
1982,0
30719,0
28020,0
28231,0
3787,1
6184,0
20192,0
18985,0
95,0
22459,0
25936,0
23444,0
31546,0
29971,0
22441,0
4384,0
3441,0
26067,0
16839,0
2198,0
4682,0
22621,0
2479,0
26275,0
29340,0
6082,0
12183,0
17508,0
3596,0
3985,0
24260,0
18522,0
2241,0
27008,0
5932,0
6159,0
31627,0
23552,0
1154,0
7670,0
24151,0
18372,0
8450,0
27226,0
9548,0
931,0
13994,0
19133,0
21666,0
12388,0
4191,0
25505,0
26118,0
12370,0
265,0
7457,1
24452,0
19213,0
13713,0
8781,0
31557,0
2850,1
4727,0
13628,0
10249,1
24298,0
25778,0
5479,0
13574,0
1315,0
9600,0
31854,0
6260,0
9183,1
4253,0
29110,0
30210,0
3893,0
28725,0
15114,0
23421,0
23495,0
23702,0
14142,0
8863,0
6335,0
25038,0
322,0
8414,0
14034,0
2113,0
18166,0
20259,1
19570,0
28709,0
4060,0
6311,0
17318,0
19767,0
6031,0
10655,0
10828,0
9676,0
4436,0
7064,0
6172,0
15954,0
13277,0
15559,0
542,0
3384,0
15953,0
10072,0
7807,0
26942,0
27115,0
16556,0
10967,1
25821,0
4797,0
1942,1
825,0
31236,0
25691,0
23699,0
27679,0
5689,0
7566,0
5223,0
13063,0
11223,0
20077,0
4076,0
12062,0
21804,0
13567,0
7068,0
20666,0
16562,0
7452,0
17160,0
26660,0
2246,0
8375,0
30790,0
23945,0
4173,0
9333,0
18338,0
8024,0
6341,0
25846,0
21059,0
12479,0
25508,1
14359,0
27788,0
8463,0
22769,0
24599,0
16062,0
27390,0
22023,0
10898,1
27829,0
21439,0
9193,0
20107,0
23082,0
7171,0
15107,0
25177,0
742,0
11482,0
24896,0
7677,0
15862,0
26122,0
8564,0
15093,0
29632,0
15010,0
103,0
4870,0
14017,0
23892,0
21574,0
17301,0
18504,0
14758,0
24288,0
5360,0
30773,0
31434,0
18900,0
16277,0
9519,1
7174,0
22428,0
28927,0
1900,0
7528,0
10403,0
5456,0
28611,0
19337,0
26656,0
22750,0
2220,0
1501,0
11533,0
1182,0
14918,0
20675,1
21586,0
622,1
2807,0
25267,0
20028,0
16307,0
2680,0
24306,0
915,0
10663,0
2851,0
15139,0
4322,0
4606,0
16579,0
7003,1
15728,0
26195,0
5149,0
13613,0
15175,0
3472,0
24145,0
9023,0
27877,0
11131,0
31733,0
26354,0
1616,0
14407,0
8469,0
30734,0
10610,0
7328,0
30085,0
2698,0
1480,0
29064,0
19333,0
12283,0
19509,0
26381,0
22774,0
18446,0
8143,0
31427,0
9217,0
3759,0
18532,0
9859,0
15128,0
14912,0
6037,0
15787,0
23279,1
27723,0
9077,0
2531,0
7779,0
10324,0
23679,1
12710,0
20784,0
23059,0
15380,1
1434,0
8654,0
2727,0
1617,0
31183,0
8478,0
12846,0
5558,0
17720,0
9510,0
23523,0
14499,0
15906,0
16564,0
8605,0
14495,0
31388,0
22189,0
18634,0
17216,0
31782,0
12786,0
3358,0
8723,0
19012,0
12050,0
9664,0
1138,0
6042,0
25587,0
7507,0
23126,0
14610,0
22398,0
19159,0
19616,0
2474,0
3874,0
16905,1
22581,0
16020,0
11034,0
11704,0
26462,0
12245,0
23879,0
25124,0
4495,0
16702,0
31225,0
13516,0
10725,0
382,0
19452,0
17139,0
16173,1
3150,0
2893,0
15132,0
3124,0
16165,0
24158,0
2946,0
24859,0
5102,1
941,0
15683,0
426,0
15072,1
28131,0
31680,1
11451,0
21323,0
10527,0
24482,0
14593,0
28311,0
4819,1
4687,0
10737,0
24159,0
4387,0
31430,0
9164,0
29608,0
27181,0
11197,0
18910,0
31959,0
3613,0
969,0
7147,0
11825,0
20430,0
19024,0
25562,0
25750,0
3977,0
1581,0
20928,0
25848,0
578,0
7325,1
27107,0
12175,1
24425,0
22471,0
24450,0
9832,0
14287,0
31441,0
19400,0
18734,0
11513,0
15028,0
29048,1
6886,0
16040,0
29156,1
16791,0
3068,0
26398,0
10846,0
3101,0
5634,0
3156,0
6675,1
28506,0
15131,0
18792,0
517,0
2767,0
25889,0
27773,0
15594,0
21780,0
27335,0
23545,0
10149,1
5020,0
14733,0
5155,0
254,0
14571,0
16049,1
19892,0
4616,1
11255,0
25974,0
27213,0
10649,0
17742,0
24693,0
133,0
7532,0
23120,0
14439,0
28333,0
11296,0
15104,0
17764,0
24644,0
7681,0
23058,1
13604,1
8484,0
9256,0
10509,0
18348,0
13171,0
5504,0
26524,0
11821,0
20786,0
29121,0
18737,0
2592,0
31234,0
17412,0
19195,0
3784,0
28996,0
21303,0
27463,0
6214,0
26204,0
20486,0
17630,0
19896,1
29304,1
18551,0
3343,0
7695,0
29233,0
13123,0
26273,1
26256,0
29370,0
28519,0
16477,0
701,0
15665,0
20223,0
189,0
4039,0
30642,0
23783,1
20417,0
2174,0
2183,0
28621,0
19556,0
15447,0
31066,0
4305,1
9648,0
20640,1
10539,0
26663,1
4751,0
13469,0
16692,0
9653,0
12016,0
8222,0
31875,0
31709,0
13165,0
2667,0
18660,0
12120,0
13442,0
23688,0
31435,0
31149,0
18534,0
18368,0
19552,0
3895,0
5886,0
29898,0
17222,0
29485,0
4775,0
24649,0
17998,0
3593,0
5049,0
25061,0
17185,0
11167,0
7581,0
368,0
13623,0
11956,0
18740,0
5731,0
17601,0
30681,0
13057,0
9862,0
10339,0
23822,0
30975,0
7969,0
31932,0
11678,0
26430,0
10174,0
12145,0
17255,0
3555,0
22109,0
14668,0
16474,0
25386,0
26567,0
879,1
6950,0
12745,1
17107,0
3461,0
18597,0
19318,0
9933,0
7178,0
7798,0
9694,0
31201,1
6161,0
27866,0
31283,0
264,1
21261,0
15264,0
14536,0
31942,0
11231,0
8018,0
10225,0
17132,0
6436,0
3021,0
25543,0
14997,0
12034,0
22968,0
1197,0
19322,0
3764,0
28111,1
17365,0
25534,0
6509,0
1288,0
1494,0
31360,0
18778,0
16603,1
11035,0
3199,0
29744,0
6679,0
26094,0
46,0
8741,0
22221,0
12246,0
16993,0
7474,0
16249,0
30226,0
11459,0
19386,0
2407,0
16392,0
1813,0
28042,0
22671,0
12124,0
4734,0
11526,0
4131,0
6075,0
29002,1
9049,0
23191,0
12055,0
1857,0
6655,0
6219,0
19765,0
24307,0
16826,0
27029,0
19035,0
16980,0
12099,0
21454,0
17209,0
28955,0
21319,1
7509,0
10720,0
18044,0
16223,0
30712,0
4239,0
18828,0
6783,0
7042,0
20429,0
8455,0
1436,0
10927,0
28900,1
29848,0
10092,0
16670,0
285,0
27006,0
591,0
21937,0
28384,0
7230,0
5725,0
27510,0
22162,0
6211,0
30742,0
21223,0
7873,0
5586,0
31375,0
17149,0
19646,0
21549,0
22789,0
22619,0
5958,1
23151,0
21783,0
13707,0
25992,0
28788,0
12548,0
21351,0
1316,0
13575,0
6651,0
17517,0
3676,0
19632,0
6146,0
26099,0
5819,0
4174,0
9027,0
19065,0
31561,0
30298,0
6523,0
22738,0
30034,0
325,0
24571,0
23218,0
12233,0
25045,0
9211,1
7533,0
31664,0
18078,0
31665,1
5804,0
8760,0
3518,0
31961,0
11269,0
4199,0
23387,0
11257,0
26959,0
26965,0
8697,0
14305,1
25381,0
18913,0
25647,1
14210,0
21533,0
18950,1
24335,0
17874,0
4225,0
25028,0
24224,0
872,0
31320,0
11171,0
22264,1
10108,0
11975,0
19391,0
882,0
29124,0
4549,0
1101,0
25533,0
25406,0
4462,0
26881,0
22542,1
28962,0
1671,0
19931,1
13878,0
19103,0
31675,0
12894,1
19341,0
16989,0
12827,0
12366,0
9853,0
6287,0
1443,0
2785,0
500,0
14252,0
19563,0
10937,0
10601,0
4617,0
29225,0
21068,0
14469,0
25601,0
22801,0
5756,0
7349,0
2583,0
4058,0
29305,0
31222,0
8053,0
25489,0
12085,0
27399,0
22036,0
22176,0
7256,0
3002,0
10373,0
5100,0
2634,0
28854,0
645,0
1887,0
27498,0
13494,0
3737,0
2632,0
13813,0
26554,0
11867,0
6538,0
8926,0
3065,0
7241,0
4151,0
24409,0
12380,0
28520,0
9481,1
237,0
10397,0
28122,0
11978,0
10331,0
5041,0
24981,1
29895,0
17361,0
7022,0
10890,0
29605,0
12362,0
31258,0
24059,0
14231,1
11191,0
4202,0
10105,0
1433,0
20497,0
25643,0
26521,0
6097,0
18956,0
23192,0
23715,0
15307,0
5114,0
23382,0
18051,0
26668,0
4911,0
355,0
5,0
20255,0
29396,0
19626,1
8749,0
10653,0
14401,0
496,0
25370,0
13244,0
28327,0
21280,0
25416,0
8689,0
15625,0
31920,0
18159,0
9364,1
18370,0
1735,0
4011,0
24886,0
1832,0
25657,0
22696,0
28287,0
30031,0
20284,0
9630,0
21326,0
20613,0
24622,0
8226,1
25518,1
6692,0
26003,0
28802,0
9340,0
10544,0
10992,0
12017,0
10330,0
8933,0
10643,0
19120,0
20082,0
11505,0
27769,0
22643,0
11768,0
11116,0
23246,0
30721,0
29374,0
1693,0
29665,0
4017,0
21086,0
4440,0
27715,1
18083,0
25561,0
6297,0
10542,0
7990,0
29101,0
7138,0
19918,0
30741,0
2758,0
885,0
2052,0
28474,0
14490,0
17995,0
68,1
23547,0
29883,0
22416,0
6008,0
10232,0
27568,0
10535,0
30266,0
27318,0
3540,0
18001,0
10241,0
12752,0
25310,0
7821,0
18644,0
4245,0
27499,0
17413,0
24557,0
16717,0
23907,0
21936,0
869,0
8632,0
7624,0
28186,1
9972,0
28700,0
19835,0
21199,0
24596,0
9911,0
18425,0
18302,0
25744,0
17838,0
26702,0
14011,0
2981,0
3455,0
28467,0
25715,0
4898,0
31076,0
17465,0
20081,0
21136,0
12881,0
26013,0
3548,0
3909,0
453,0
11369,0
17203,0
9228,0
19339,0
6981,0
17832,0
10071,0
23518,0
20611,0
5307,0
15336,0
76,0
26432,0
653,0
6670,0
852,0
30509,0
9407,0
3772,0
8943,1
2615,0
26348,0
7669,0
23117,0
25389,0
25881,0
23403,0
25931,1
2190,0
9055,0
14049,1
14581,0
10163,0
21308,0
20776,1
10389,0
16043,0
22214,0
26565,0
5160,0
9245,0
28336,0
28946,0
27428,0
3922,0
12893,0
31501,1
28582,0
2429,0
14662,0
21229,0
9902,0
30025,0
4929,0
19114,0
5206,0
12749,0
31766,0
8457,0
8445,0
31244,0
5816,1
4696,0
30450,0
22957,0
526,1
26416,0
23051,0
17501,0
29943,0
13026,1
25836,0
30458,0
17562,0
22033,0
568,0
28869,0
1934,1
29235,0
29345,0
17986,0
5180,0
13972,0
24504,0
22465,0
24699,0
28352,1
2941,0
8496,0
1002,1
19955,0
7525,0
11675,0
21864,0
27865,0
7433,0
4924,0
5005,1
17866,0
21909,0
24541,0
1111,0
24484,0
2181,0
7358,0
11936,0
22822,0
410,0
15171,0
7177,1
27834,0
9398,0
29985,0
4654,0
24738,0
29171,0
20397,0
379,0
20491,0
29332,0
8664,0
22490,0
16868,0
8861,0
13657,0
2790,0
23598,0
5938,0
11514,0
7907,0
29317,0
27140,1
27599,0
19650,0
26731,0
19647,0
27252,0
8300,0
8639,1
16860,0
6395,0
29502,0
7645,0
16530,0
510,0
18619,0
22417,1
12267,0
28126,0
25791,0
26976,1
18919,0
3081,0
12635,0
13405,0
4823,0
7311,0
6772,0
6222,0
14080,1
3802,0
414,0
12477,0
3104,0
392,0
23961,0
1108,1
15415,0
22583,0
7283,1
7619,0
17150,1
17141,0
4671,0
21178,0
17316,0
1882,0
17457,0
11437,0
10761,0
2636,0
21101,0
21144,0
9641,0
17201,0
17164,0
11974,0
30488,1
20758,0
7069,0
20094,0
24634,0
20567,0
1752,0
25323,0
17395,0
21625,0
16926,0
9356,1
31286,0
29085,0
12008,0
7392,0
17573,0
8732,0
1357,0
12213,1
8666,0
30574,0
30849,0
834,0
8472,0
26499,0
8031,1
3412,0
13377,0
7979,0
15052,0
24806,0
21856,0
27978,0
21081,0
10466,0
12244,0
27096,0
19734,0
4396,0
30532,0
2911,0
15627,0
3374,0
6186,0
29868,0
11815,0
9041,0
16574,0
23671,0
8994,1
190,0
19193,0
4802,0
16490,0
22845,0
30801,0
22517,0
25773,0
10827,0
8798,0
14649,0
29261,0
29964,0
3797,0
1856,0
8456,0
3701,0
5817,0
143,0
9024,0
854,0
15852,0
14879,0
29543,0
18741,0
8569,0
5074,0
24877,0
5927,1
3654,0
9657,0
24174,0
15990,0
23431,0
29139,0
1065,0
14753,0
27195,0
1823,0
31252,0
4339,0
6723,1
22252,0
8013,0
18037,0
21369,0
24180,0
13208,0
27243,0
11537,0
8419,0
23766,0
30277,0
992,0
25851,0
31728,0
17898,0
9849,0
27186,0
28016,0
29367,0
7469,0
19777,1
25900,0
30592,0
30892,0
30672,0
7060,0
28375,0
23689,0
11060,0
29394,0
3670,0
7970,0
24777,0
3636,0
9460,0
14267,0
28052,0
26516,0
21784,0
4995,0
9564,0
6643,0
20238,0
12268,0
27353,0
27898,0
4692,0
22390,0
13037,0
3746,0
19016,1
23866,0
26037,0
26550,0
5506,0
18797,0
30683,0
5551,0
13247,0
12732,0
26852,0
3152,0
5571,0
8362,0
5370,0
6152,0
9842,0
27668,0
11002,0
19146,0
23971,0
28655,0
14983,0
27908,0
375,0
11765,0
23731,0
27361,0
10545,0
31882,1
7974,0
2528,0
10041,0
28931,0
18483,0
15311,0
7160,0
4176,0
19884,0
21902,0
9631,0
21990,0
27134,0
26244,0
641,0
4628,0
29065,1
28043,0
13423,0
31638,0
16426,0
19299,0
17356,0
26400,0
30060,0
16178,1
31089,0
3828,0
393,0
29908,0
21176,0
15966,0
22953,1
26941,0
23572,1
12082,0
5248,0
17165,0
12836,0
28672,0
30537,1
3438,0
31498,0
11755,0
21321,0
9461,0
10139,0
17375,0
13180,0
8302,0
21288,0
31106,0
25359,0
18763,0
21384,0
26501,0
17845,0
10911,0
2542,0
11864,0
26970,0
30317,0
5291,0
7487,0
11993,0
9176,0
1764,0
30182,0
9257,0
6636,0
5170,0
20477,0
12924,0
8537,0
29828,0
19323,0
746,1
6032,0
29438,0
2350,0
3051,0
5977,1
29820,0
9965,0
24296,0
29570,0
2590,0
6197,0
24363,0
7427,0
18509,0
16270,0
21291,0
17020,0
30082,0
17219,0
24580,0
11813,0
24604,0
18835,0
20764,0
12966,0
13386,0
537,0
15245,0
5390,0
25809,0
11613,0
6910,0
23862,0
19459,0
5601,0
10698,0
920,0
16,0
14216,0
3560,0
30347,0
27665,0
6170,0
7289,0
2962,0
28083,0
22339,0
25260,0
30174,0
10296,0
21399,0
1390,0
24034,0
16423,0
23006,0
12727,0
28742,0
17738,0
19951,0
18064,0
9932,0
11683,0
25914,0
13987,1
4434,0
2648,0
23266,0
30872,0
13885,0
24412,0
1892,1
15950,0
15870,0
13079,0
15242,1
2116,0
17110,0
27639,0
16145,0
27696,0
26571,0
19161,1
30005,0
22035,0
109,0
15613,0
29679,0
8884,0
25332,0
25588,0
353,0
9195,0
7576,0
6196,0
10400,0
30931,1
18886,0
22443,0
2820,0
1452,0
20299,0
24716,0
2382,0
7228,0
15741,0
12949,0
19093,1
31886,0
19669,0
5736,1
18816,0
13145,0
12306,1
12361,1
22400,0
31378,0
15457,0
12262,0
21487,0
26591,0
16446,1
25624,0
7896,0
12649,0
14643,0
4422,0
15232,0
30533,0
20537,0
15335,1
27962,0
29823,0
17955,0
16797,0
9817,0
13445,0
21529,0
19074,0
29373,0
26490,0
2643,0
14334,0
19612,1
894,0
6796,0
5798,0
4538,0
23158,0
17971,0
1320,0
17466,0
18628,0
15789,0
16196,0
10334,0
6241,0
